country,website,email
Finland,https://www.ramirent.fi/vuokraamot/finland-oy-paakonttori/?utm_source=google&utm_medium=gbp&utm_campaign=ramirent-finland-oy-helsinki-paakonttori,asiakaspalvelu@ramirent.fi
Finland,http://www.tyy.fi/,tyy@utu.fi
Finland,http://rakennusjyrkipatoranta.fi/,posti@rakennusjyrkipatoranta.fi
Finland,http://www.yit.fi/,firstname.lastname@yit.fi
Finland,https://www.finder.fi/Rakennussaneeraus/Huoneistoremontit+ja+uudisrakennukset+Kastinen+Oy/H%C3%A4meenlinna/yhteystiedot/546511,posti@huoneistoremontti.com
Finland,http://www.vaasanhuoneistoremontti.fi/,"vaasanhuoneistoremontti@anvianet.fi, willa33@anvianet.fi"
Finland,https://www.vesivek.fi/toimipiste/seinajoki/,"antti.ivanoff@vesivek.fi, antti.sistonen@vesivek.fi, asiakaspalvelu@vesivek.fi, erno.keski-sikkila@vesivek.fi, henrik.ekstrand@vesivek.fi, jari.syri@vesivek.fi, markus.paananen@vesivek.fi, miika.hanhisalo@vesivek.fi, pasi.siltala@vesivek.fi, paulus.haukkala@vesivek.fi, rami.latvala@vesivek.fi, tom.handelin@vesivek.fi, tommi.hautamaki@vesivek.fi"
Finland,http://www.korteniemi.fi/,"miikka@korteniemi.fi, myynti@korteniemi.fi, paulus@korteniemi.fi, petri@korteniemi.fi, tuomas@korteniemi.fi"
Finland,https://www.salonomaishoitajat.fi/,info@salonomaishoitajat.fi
Finland,http://www.raumavarastot.fi/,info@helsinkivarastot.fi
Finland,http://www.setorarakennus.fi/,info@setorarakennus.fi
Finland,https://www.ylojarvi.fi/ladut-ja-kuntopolut,"kirjaamo@ylojarvi.fi, tekninen.info@ylojarvi.fi"
Finland,http://www.saneerataan.fi/,info@saneerataan.fi
Finland,https://www.vesivek.fi/toimipiste/nurmijarvi/,"asiakaspalvelu@vesivek.fi, henri.hellman@vesivek.fi, iiro.herrala@vesivek.fi, jaakko.anttila@vesivek.fi, jesse.ahonen@vesivek.fi, joakim.wessman@vesivek.fi, kai.laisi@vesivek.fi, kristian.makara@vesivek.fi, lasse.tuononen@vesivek.fi, mikael.mallenius@vesivek.fi, mikko.lesch@vesivek.fi, noona.rehn@vesivek.fi, pasi.ollikainen@vesivek.fi, tatu.koivunen@vesivek.fi, tomi.kuortti@vesivek.fi, toni.kalliomaki@vesivek.fi, tuomas.tikkanen@vesivek.fi"
Finland,http://www.valkeakoski.fi/portal/,"etunimi.sukunimi@valkeakoski.fi, valkeakosken.kaupunki@valkeakoski.fi"
Finland,https://www.aj-kate.fi/,"ahti.jarvelin@gmail.com, invoice-23045922@kollektor.fi"
Finland,https://www.ramirent.fi/vuokraamot/konevuokraamo-tornio/?utm_source=google&utm_medium=gbp&utm_campaign=ramirent-tornio,"asiakaspalvelu@ramirent.fi, jani.ruonamaa@ramirent.fi, sami.kamula@ramirent.fi, tornio@ramirent.fi"
Finland,http://www.scandiarent.fi/,lansi-espoo@scandiarent.fi
Finland,https://lappari.fi/lappari-activity-park/,sales@lappari.fi
Finland,http://www.lappari.fi/,sales@lappari.fi
Finland,http://www.luotsi.net/,info@luotsi.net
Finland,https://www.tornio.fi/asuminen-ja-ymparisto/ymparisto/virkisty-luonnossa/uimarannat/#,"henna.lauhikari@tornio.fi, kirjaamo@tornio.fi"
Finland,https://tornionrakennussora.fi/,posti@tornionrakennussora.fi
Finland,http://www.tsvrakennus.fi/,jussi.kantola@tsvrakennus.fi
Finland,http://www.tornionlaatulattiat.fi/,"jari.ahokas@tornionlaatulattiat.fi, kosteusmittaus@tornionlaatulattiat.fi"
Finland,https://www.trht.fi/,info@trht.fi
Finland,http://www.mj-rakennus.com/,info@mj-rakennus.com
Finland,http://www.hallirakentajat.fi/,joonas.rautio@hallirakentajat.fi
Finland,https://www.topplattiat.fi/,toni@topplattiat.fi
Finland,https://www.muurausjarakennuspalvelu.com/,muuraus.alaluusua@gmail.com
Finland,https://www.tyovoimalasaatio.fi/,etunimi.sukunimi@tornio.fi
Finland,http://www.k-rauta.fi/myymalat/tornio,katarina.naumanen@k-rauta.fi
Finland,http://www.variraitti.fi/,myymala@variraitti.fi
Finland,http://www.arcticrabbit.fi/,"arcticrabbit@hotmail.com, juhapappila@hotmail.com"
Finland,https://tbroy.fi/,betoni.rakentajat@tbroy.fi
Finland,https://www.habita.com/toimipiste/16/Habita-Tornio,"heikki.alasaukko-oja@habita.com, jasmine.alamaki@habita.com, jorma.salmela@habita.com, tornio@habita.com"
Finland,http://jmvrakennus.fi/,"juho@jmvrakennus.fi, keinonenjonne@gmail.com"
Finland,http://www.muurausjalaattatyo.fi/,info@muurausjalaattatyo.fi
Finland,http://www.raktor.fi/,etunimi.sukunimi@raktor.fi
Finland,https://www.vesivek.fi/toimipiste/turku/,"asiakaspalvelu@vesivek.fi, hannes.jussila@vesivek.fi, hannu.jussila@vesivek.fi, jukka.stenij@vesivek.fi, mikko.pelkonen@vesivek.fi, petri.eerikainen@vesivek.fi, tatu.koivunen@vesivek.fi, timo.pihlava@vesivek.fi, topias.ranta@vesivek.fi"
Finland,https://kuusamonuistin.fi/tehtaanmyymala/,shop@kuusamonuistin.fi
Finland,http://www.viitosmoottori.fi/,info@viitosmoottori.fi
Finland,http://www.htapalvelut.fi/,info@htapalvelut.fi
Finland,http://www.rantalayhtiot.fi/,info@rantalayhtiot.fi
Finland,https://tukena.fi/woimaamo,johanna.ketonen@tukena.fi
