country,company_name,address,city,phone,website,email,place_id,scraped_emails,scraping_error,all_emails
Czech Republic,Protoria,"7, V Kapslovně 2770, 130 00 Praha 3, Czechia",Prague,,http://www.plotnaklic.cz/,info@plotnaklic.cz,ChIJY6qszV-TC0cR9TDI3kVifs4,,,info@plotnaklic.cz
Czech Republic,Pronájem mobilních generátorů a elektrocentrál Olomouc,"Přerovská 494, 779 00 Olomouc 9-Holice, Czechia",Olomouc,,https://www.pronajem-generatoru-elektrocentral.cz/,info@manek.cz,ChIJP-WQQ81NEkcRt24ZrVSfkKA,"infobrno@manek.cz, info@manek.cz",,"info@manek.cz, infobrno@manek.cz"
Czech Republic,AMSTOR s.r.o.,"Vážní 1184, 500 03 Hradec Králové 3-Slezské Předměstí, Czechia",Hradec Králové,,http://www.amstor.cz/,info@amstor.cz,ChIJq77duurUDUcRjwt3p6RU1HU,info@amstor.cz,,info@amstor.cz
Czech Republic,Blankyt - Kärcher autorizovaný partner Valašské Meziříčí,"Křižná 184, 757 01 Valašské Meziříčí 1-Krásno nad Bečvou, Czechia",Valašské Meziříčí,,https://www.blankyt.cz/prodejna-blankyt,info@blankyt.cz,ChIJJQaw5sCRE0cR0Dcccnx1qZE,"pradelna@blankyt, info@blankyt.cz, prodejna@blankyt.cz",,"info@blankyt.cz, pradelna@blankyt, prodejna@blankyt.cz"
Czech Republic,Victory Lawns s.r.o.,"Štursova 1375/20, 412 01 Litoměřice 1, Czechia",Litoměřice,,https://www.victorylawns.cz/,info@victorylawns.cz,ChIJTRoHa-6IDagRjJ65UUszEJU,info@victorylawns.cz,,info@victorylawns.cz
Czech Republic,Visitor center Novy Jicin - town of hats,"Masarykovo nám. 45, 741 01 Nový Jičín 1, Czechia",Nový Jičín,,http://www.icnj.cz/,icentrum@novyjicin.cz,ChIJa8LGa6yUE0cR25MLp4dxzi4,icentrum@novyjicin.cz,,icentrum@novyjicin.cz
Czech Republic,Castorama,"Graniczna 80, 43-400 Cieszyn, Poland",Český Těšín,,https://www.castorama.pl/sklepy/cieszyn.html?utm_source=maps&utm_medium=linkmap&utm_campaign=GoogleMaps&utm_id=gmap,iod@castorama.pl,ChIJadvxPVkBFEcR9pD7gUXBEgY,,SSL Error,iod@castorama.pl
Czech Republic,Kanceláře Sokolov - pronájem nebytových prostor,"B. Němcové 2042, 356 01 Sokolov 1, Czechia",Sokolov,,https://kancelare-sokolov.cz/,pronajem@kancelare-sokolov.cz,ChIJXa7KY9aToEcRIQdvPNWx0xo,pronajem@kancelare-sokolov.cz,,pronajem@kancelare-sokolov.cz
Czech Republic,Mobile Storage s.r.o.,"U Korečnice 2653, 688 01 Uherský Brod 1, Czechia",Uherský Brod,,http://www.mstorage.cz/,info@mstorage.cz,ChIJU-wDgoNpE0cRxX895Q5Q0tk,info@mstorage.cz,,info@mstorage.cz
Slovakia,"Event Service, s.r.o.","K cintorínu 93/41, Závodie, 010 04 Žilina, Slovakia",Žilina,,http://eventservice.sk/,,ChIJfyxBA1BfFEcR2Wc_JMKy058,info@eventservice.sk,,info@eventservice.sk
Slovakia,Maxstore,"Bratislavská 195/79, 902 01 Pezinok, Slovakia",Pezinok,,http://www.maxstore.sk/,obchod@maxstore.sk,ChIJ_985FXCabEcRWKFP9xlVfWg,obchod@maxstore.sk,,obchod@maxstore.sk
Slovakia,Stavebniny - Kántor,"Kračanská cesta 5467, 929 01 Dunajská Streda, Slovakia",Dunajská Streda,,http://www.kantorstav.sk/,info@kantorstav.sk,ChIJURDN4Uida0cRfKA9k-CO39s,info@kantorstav.sk,,info@kantorstav.sk
Slovakia,"INCON - okná a dvere, autorizované zastúpenie Rimavská Sobota - Montag, s.r.o.","Škultétyho 350, 979 01 Rimavská Sobota, Slovakia",Rimavská Sobota,,http://www.montag.sk/,montag@montag.sk,ChIJ8YhyLtPyP0cRRnXDtFLw830,,HTTP 503,montag@montag.sk
Slovakia,Pletivá Albert Rimavská Sobota,"Cintorínska 3646/3646, 979 01 Cintorínska-Rimavská Sobota, Slovakia",Rimavská Sobota,,https://www.zbersurovin.sk/pletiva/,albert@zbersurovin.sk,ChIJg3WWY7SNP0cRpKmubMtRgsQ,,,albert@zbersurovin.sk
Slovakia,"Stavebniny Skalica | Torx, s.r.o.","Nádražná 33, Skalica, 909 01 Skalica, Slovakia",Skalica,,http://www.torx.sk/,obchod@torx.sk,ChIJ45tcNU8wE0cRgGmz1vXEzXU,obchod@torx.sk,,obchod@torx.sk
Germany,EDG Draht Großhandel GmbH & Co. KG,"Ettore-Bugatti-Straße 47, 51149 Köln, Germany",Cologne,,https://www.edg-koeln.de/,,ChIJdwt8_Bknv0cRkNAjLqCuzWI,kontakt@eurodraht.de,,kontakt@eurodraht.de
Germany,Gitter Profi - Bauzäune & Absperrungen,"Turmhofstraße 17, 53894 Mechernich, Germany",Cologne,,https://www.gitter-profi.de/,kontakt@gitter-profi.de,ChIJ7YalLmEMv0cRk_9vDr1jRuE,,SSL Error,kontakt@gitter-profi.de
Germany,Arbeitsbühnen Stabel GmbH - Stapler & Arbeitsbühne mieten Leipzig,"Torgauer Str. 231, 04347 Leipzig, Germany",Leipzig,,https://arbeitsbuehne-leipzig.de/?y_source=1_MTAyMTIyNjI4NC03MTUtbG9jYXRpb24ud2Vic2l0ZQ%3D%3D,,ChIJvYAX_ppXpkcRGvyDRQhOeZY,info@stabel-lift.de,,info@stabel-lift.de
Germany,Block Bauzäune GmbH & Co. KG,"Neu-Rautendorfer Str. 168, 28879 Grasberg, Germany",Bremen,,http://www.block-bauzaun.de/,info@block-bauzaun.de,ChIJKypjcz4isUcRgYkHP9wDxxc,info@block-bauzaun.de,,info@block-bauzaun.de
Germany,Office for Roads and Traffic,"Herdentorsteinweg 49/50, 28195 Bremen, Germany",Bremen,,http://asv-bremen.de/,,ChIJa599dxEosUcRdM83kW2Te4k,"buergerbuero@asv.bremen.de, office@asv.bremen.de",,"buergerbuero@asv.bremen.de, office@asv.bremen.de"
Germany,A & H GbR Zäune und Toranlagen,"In den Wiesen 31, 53227 Bonn, Germany",Bonn,,https://www.ah-zaunbau.de/,info@ah-zaunbau.de,ChIJn-KFxDrhvkcREw1A3ezbRPg,info@ah-zaunbau.de,,info@ah-zaunbau.de
Germany,Wagner ToreTürenZäune GmbH,"Am Bahndamm 6-8, 86459 Gessertshausen, Germany",Augsburg,,https://wagner-handwerk.de/,info@pflasterbau-wagner.de,ChIJ-bB2agilnkcRX3mr1YHPRZ0,"info@wagner-toranlagen.de, info@pflasterbau-wagner.de",,"info@pflasterbau-wagner.de, info@wagner-toranlagen.de"
Germany,OBI store in Aachen,"Debyestraße 20, 52078 Aachen, Germany",Aachen,,https://www.obi.de/markt/aachen-debyestrasse?wt__mc=gp.de527_Aachen_Debyestra%C3%9Fe%E2%80%A6,service@obi.de,ChIJRezmYiScwEcRFi0XYI0S6RE,aachen@obi.de,,"aachen@obi.de, service@obi.de"
Germany,Zäune Klaaßen GmbH,"Donkweg 48, 47877 Willich, Germany",Krefeld,,http://www.zaeune-klaassen.de/,info@zaeuneklaassen.de,ChIJaUfIvYmuuEcRgrBLWqS0H-c,info@zaeuneklaassen.de,,info@zaeuneklaassen.de
Germany,Firma Marcel Riediger Tore und Zäune aus Polen,"Klein Germerslebener Str. 2, 39164 Wanzleben-Börde, Germany",Magdeburg,,http://www.riediger-zaunsysteme.de/,info@riediger-zaunsysteme.de,ChIJSzSP9o2NpUcRoXI2qnjURMw,info@riediger-zaunsysteme.de,,info@riediger-zaunsysteme.de
Germany,Schwabentorgarage,"Leo-Wohleb-Straße 4A, 79098 Freiburg im Breisgau, Germany",Freiburg,,http://www.freiburger-stadtbau.de/,info@fsb-fr.de,ChIJk5JJ5JcckUcRYFUZPRncDrQ,,,info@fsb-fr.de
Germany,sackkarre-mieten.de Lübeck Hüxtertor,"Geniner Str. 2, 23560 Lübeck, Germany",Lübeck,,https://sackkarre-mieten.de/stationen/luebeck/,info@sackkarre-mieten.de,ChIJf27e-x8JskcRmrF4tmQ6INo,,,info@sackkarre-mieten.de
Germany,Atlas Rostock GmbH,"Rostocker Landstraße 4, 18184 Broderstorf, Germany",Rostock,,http://www.atlas-rostock.de/,,ChIJk3CNiJg9YkERLgJqGhmadUE,info@atlas-rostock.de,,info@atlas-rostock.de
Germany,Zäune aus Polen,"Bouguenais-Allee 5, 65462 Ginsheim-Gustavsburg, Germany",Mainz,,http://www.zaunauspolen24.de/,info@zaunauspolen24.de,ChIJUSfofI2ZvUcRjIHCNAOnEJM,,,info@zaunauspolen24.de
Germany,Motorbike rental Hamm,"Auf dem Knuf 3, 59073 Hamm, Germany",Hamm,,https://motorrad-verleih-hamm.de/,info@motorrad-verleih-hamm.de,ChIJnYqbMcF2uUcRQX7yWN8LzAk,info@motorrad-verleih-hamm.de,,info@motorrad-verleih-hamm.de
Germany,ASTOR GmbH Projektgesellschaft,"Jahnstraße 11, 90587 Veitsbronn, Germany",Fürth,,https://astor-pro.de/,info@astor-pro.de,ChIJE5EuSi2rmEcRzYAeCf9GUa8,info@astor-pro.de,,info@astor-pro.de
Germany,Zäune Färber,"Uhlandstraße 26, 47445 Moers, Germany",Moers,,https://faerber-zaun.de/,faerberzaun@gmail.com,ChIJPbAqTXu9uEcRIFzWUuhaEX8,,Access forbidden (403),faerberzaun@gmail.com
Germany,Torsten Beth GmbH,"Rudolf-Diesel-Straße 18, 19061 Schwerin, Germany",Schwerin,,http://www.torsten-beth.de/,info@bethgmbh.de,ChIJS5iO_QTarUcR7khuwSGI9iQ,info@bethgmbh.de,,info@bethgmbh.de
Germany,Regulatory Authority Esslingen,"Beblingerstraße 1-3, 73728 Esslingen am Neckar, Germany",Esslingen,,http://www.esslingen.de/,stadt.esslingen@esslingen.de,ChIJow4wFDTBmUcRax3pcN3R-NU,stadt.esslingen@esslingen.de,,stadt.esslingen@esslingen.de
Germany,Rüschkamp Minibagger Vermietung Lünen,"Viktoriastraße 73, 44532 Lünen, Germany",Lünen,,https://www.minibagger-luenen.de/,,ChIJdap0HzYRuUcRksTXrvOQGoQ,baggervermietung@rueschkamp.dealerdesk.de,,baggervermietung@rueschkamp.dealerdesk.de
Germany,Metallbau Zäune und Tore Sterrenberg GmbH,"Pattburger Bogen 23, 24955 Harrislee, Germany",Flensburg,,http://www.sterrenberg.de/,info@sterrenberg.de,ChIJ93fkiBVds0cRHRLydGMgC8M,,,info@sterrenberg.de
Lithuania,Storent,"Savanorių pr. 180B, Vilnius, 03154 Vilniaus m. sav., Lithuania",Vilnius,,https://www.storent.lt/lt,storent.lt@storent.com,ChIJib5-K0KT3UYRW9Db4LFGLfE,,,storent.lt@storent.com
Lithuania,Storoma,"Mažeikių g. 17C, Telšiai, 87101 Telšių r. sav., Lithuania",Telšiai,,http://storoma.lt/,storoma@storoma.lt,ChIJRQSsO4Rj70YRUhdfdZOEhxo,storoma@storoma.lt,,storoma@storoma.lt
Lithuania,UAB Uliksas,"Melioratorių g. 22, Tauragė, 72109 Tauragės r. sav., Lithuania",Tauragė,,http://www.uliksas.lt/?q=kontaktai,,ChIJCyWJLTk-5EYRKIHGlCB4kVU,"vymonta@vymonta.com, uliksas@uliksas.lt",,"uliksas@uliksas.lt, vymonta@vymonta.com"
Lithuania,Vakaru mediena torso,"Medvalakio g. 53, Palanga, 00147 Palangos m. sav., Lithuania",Palanga,,https://rekvizitai.vz.lt/imone/vakaru_mediena_torso/,info@torso.lt,ChIJy9Nvmtcu5UYRYx43mZLk-MA,,Access forbidden (403),info@torso.lt
Lithuania,Litorina,"Pramonės g. 5, Šilutė, 99116 Šilutės r. sav., Lithuania",Šilutė,,http://litorina.lt/,indre@litorina.lt,ChIJIZxqF6CM5EYR5hT7hRp8IK0,,,indre@litorina.lt
Latvia,B Bārs Restorāns,"Doma laukums 2, Centra rajons, Rīga, LV-1050, Latvia",Riga,,http://www.bbars.lv/,info@bbars.lv,ChIJXTUCXdfP7kYRjOc9RvFJONc,info@bbars.lv,,info@bbars.lv
Latvia,Promarket - telefonu un datoru remonts Zolitūdē,"Anniņmuižas iela 17, Zemgales priekšpilsēta, Rīga, LV-1029, Latvia",Riga,,https://www.promarket.lv/,info@promarket.lv,ChIJE28kOoXb7kYRUUltb_lmYlk,,,info@promarket.lv
Latvia,Gigant Furniture Store,"Ventspils, LV-3601, Latvia",Ventspils,,https://gigantmebeles.lv/lv/kontakti,,ChIJ6393JufI8UYRaNJ-bhwcAj4,"jelgava.gigant@inbox.lv, gigant.jurmala@gmail.com, gigant.astras@inbox.lv,  gigant.astras@inbox.lv,  pasutijumi@gigantmebeles.lv, gigant.kraslava@inbox.lv, gigant.melluzu@inbox.lv,  valka.gigant@inbox.lv, valka.gigant@inbox.lv, info@gigantmebeles.lv,  gigant.kraslava@inbox.lv, kuldiga.gigant@inbox.lv,  info@gigantmebeles.lv, gigantventspils@inbox.lv, gigants.rezekne@inbox.lv,  gigantventspils@inbox.lv, rezekne2.gigant@inbox.lv,  gigant.jurmala@gmail.com,  gigant.melluzu@inbox.lv, gigant.liepaja2@inbox.lv,  gigant.maskavas@inbox.lv,  gigants.rezekne@inbox.lv, pasutijumi@gigantmebeles.lv,  rezekne2.gigant@inbox.lv, gigant.maskavas@inbox.lv,  jelgava.gigant@inbox.lv,  kuldiga.gigant@inbox.lv,  gigant.liepaja2@inbox.lv",,"gigant.astras@inbox.lv, gigant.jurmala@gmail.com, gigant.kraslava@inbox.lv, gigant.liepaja2@inbox.lv, gigant.maskavas@inbox.lv, gigant.melluzu@inbox.lv, gigants.rezekne@inbox.lv, gigantventspils@inbox.lv, info@gigantmebeles.lv, jelgava.gigant@inbox.lv, kuldiga.gigant@inbox.lv, pasutijumi@gigantmebeles.lv, rezekne2.gigant@inbox.lv, valka.gigant@inbox.lv"
Latvia,STORENT Valmiera - būvtehnikas un instrumentu noma,"Mūrmuižas iela 14, Valmiera, LV-4201, Latvia",Valmiera,,http://www.storent.lv/,noma@storent.com,ChIJnw7hXqTu60YR1WuYp3Mtdb4,,,noma@storent.com
Latvia,Priedulāji,"teritorija, Salaspils, Salaspils pagasts, Latvia",Salaspils,,http://www.druplat.lv/,,ChIJ0WLbMywt6UYRz3_cuZ1F2GQ,"DRUPLAT@DRUPLAT.LV, druplat@druplat.lv",,DRUPLAT@DRUPLAT.LV
Latvia,Cēsis History and Art Museum,"Pils laukums 9, Cēsis, Cēsu pilsēta, Cēsu novads, LV-4101, Latvia",Cēsis,,https://cesupils.lv/,,ChIJhRkzI4Xh60YRjMVgO-CNO4U,pils@cesis.lv,,pils@cesis.lv
Latvia,ZIGZAG FACTORY Ltd.,"Liepājas iela 5, Kuldīga, Kuldīgas pilsēta, Kuldīgas novads, LV-3301, Latvia",Kuldīga,,http://zigzagfactory.com/,info@zigzagfactory.com,ChIJnUTpFnba70YRogzVLNx505g,,,info@zigzagfactory.com
Latvia,STORENT Saldus - būvtehnikas un instrumentu noma,"Kuldīgas iela 93, Ziedonis, Saldus pagasts, Saldus novads, LV-3801, Latvia",Saldus,,https://storent.lv/,noma@storent.com,ChIJbYEL8p6Z70YRHnzWu_Z3X38,,,noma@storent.com
Latvia,"Veikals ""1111""","Mehanizatoru iela 12, Preiļi, Preiļu pilsēta, Preiļu novads, LV-5301, Latvia",Preiļi,,http://m1111.lv/,,ChIJ22bccVp7wkYRzW5801_NVLw,m1111@inbox.lv,,m1111@inbox.lv
Latvia,Kandava rectory,"Kandava Parish, Tukums Municipality, LV-3120, Latvia",Kandava,,http://kandavasdraudze.lv/?page_id=422,aniko@tvnet.lv,ChIJjbttWKyy70YRLMdW3A87gJw,,,aniko@tvnet.lv
Latvia,Restorāns VULF’s,"Pils iela 1, Cesvaine, Cesvaines pilsēta, Madonas novads, LV-4871, Latvia",Cesvaine,,https://www.vulfs.com/,u003EInfo@vulfs.com,ChIJ93gUcceL6UYRVYDRwSBe8L8,,,u003EInfo@vulfs.com
Estonia,Renteks OÜ | Pinnasetööd | Välistorustike ehitus | Puistematerjalide müük,"Ropka tee 19, 50104 Tartu, Estonia",Tartu,,http://www.renteks.ee/,aivo@renteks.ee,ChIJ_bXlQfI260YRs9WAFqlpC1g,aivo@renteks.ee,,aivo@renteks.ee
Estonia,Gerom Ehitus OÜ,"Riia 128 kontori, nr 205, 50411 Tartu, Estonia",Tartu,,https://geromehitus.ee/,,ChIJS_DRbGM360YRjhv7NO-9824,info@geromehitus.ee,,info@geromehitus.ee
Estonia,Victoria Bastion Casemates,"Pimeaia tn 3, 20306 Narva, Estonia",Narva,,http://bastion.visitnarva.ee/,,ChIJ0aQibNk3lEYRJMJ0JTsyG0A,bastion@narva.ee,,bastion@narva.ee
Estonia,Naabriaed OÜ,"Tööstuse, Laheküla, 93880 Saare maakond, Estonia",Kuressaare,,http://www.naabriaed.ee/,,ChIJ623rLfRs8kYRHwSjehK_11M,info@naabriaed.ee,,info@naabriaed.ee
Estonia,Paide ordulinnuse varemed ja Vallitorn,"Veski tn 11, Paide, 72713 Järva maakond, Estonia",Paide,,http://www.wittenstein.ee/,info@wittenstein.ee,ChIJkzOs_5E2k0YRd_cr971JbH4,,SSL Error,info@wittenstein.ee
Estonia,"Autoremont, Car Weld OÜ","Kaare tn 27a, Türi, 72214 Järva maakond, Estonia",Türi,,http://www.1182.ee/et/car-weld-ou,info1182ee@nobeldigital.ee,ChIJO-n_RkUzk0YRZB6OWD6EuTo,"info@1182.ee, carweld27@gmail.com",,"carweld27@gmail.com, info1182ee@nobeldigital.ee, info@1182.ee"
Estonia,Elva Tarbijate Ühistu KONTOR,"Kesk tn 1, Elva, 61501 Tartu maakond, Estonia",Elva,,http://www.coop.ee/uhistud/coop-elva,coopkokad@coop.ee,ChIJc_wo6ApA60YRP3s9qIn4ZYE,"elvaty@elvaty.ee, klienditugi@coop.ee, klienditugi@cooppank.ee, coopkokad@coop.ee",,"coopkokad@coop.ee, elvaty@elvaty.ee, klienditugi@coop.ee, klienditugi@cooppank.ee"
Estonia,"STORENT Tallinn, Kadaka - tööriistade rent, ehitustehnika rent","Kadaka tee 179a, 12618 Tallinn, Estonia",Tõrva,,https://www.storent.ee/ee,info@aki.ee,ChIJhV_NylaVkkYRIXWqrVfaMgo,,,info@aki.ee
Estonia,"Generaatorite rent, müük ja hooldus | Lumika Estonia OÜ","Ringtee 12, 50105 Tartu, Estonia",Tõrva,,http://www.lumika.ee/,info@lumika.ee,ChIJg-qA-d8x60YRNvw91EvRA7A,info@lumika.ee,,info@lumika.ee
Estonia,AAA Evakuator Veoautode ja Sõiduautode pukseerimine - Kohila Puksiirabi - 116 OÜ,"Ääre tn 1, Kohila, 79806 Rapla maakond, Estonia",Kohila,,http://www.kohilapuksiirabi.ee/,ahoi@vetevoog.ee,ChIJT7JHLyLFkkYRV3X26Jsw2o4,kohilapuksiirabi@gmail.com,,"ahoi@vetevoog.ee, kohilapuksiirabi@gmail.com"
Estonia,Restoran Gioventu,"L. Koidula tn 21, Narva-Jõesuu, 29023 Ida-Viru maakond, Estonia",Narva-Jõesuu,,http://www.noorusspainn.com/,reception@liivarandhotel.ee,ChIJd-5Whkw_lEYRXPwrm_OADVo,reception@liivarandhotel.ee,,reception@liivarandhotel.ee
Estonia,Miniekskavaatori rent Minikopp,"Kernu tee, Kernu, 76305 Harju maakond, Estonia",Suure-Jaani,,https://minikopp.ee/,jane@untitled.tld,ChIJY_hcZxXJkkYRby5sAPAdwOU,,,jane@untitled.tld
Finland,Ramirent Finland Oy pääkonttori,"Tapulikaupungintie 37, 00750 Helsinki, Finland",Helsinki,,https://www.ramirent.fi/vuokraamot/finland-oy-paakonttori/?utm_source=google&utm_medium=gbp&utm_campaign=ramirent-finland-oy-helsinki-paakonttori,asiakaspalvelu@ramirent.fi,ChIJq05dW9wHkkYR3nuuBTAlGL8,asiakaspalvelu@ramirent.fi,,asiakaspalvelu@ramirent.fi
Finland,Student Union of the University of Turku - Turun yliopiston ylioppilaskunta (TYY),"Rehtorinpellonkatu 4a, 20500 Turku, Finland",Turku,,http://www.tyy.fi/,,ChIJ0SMpBe92jEYRrDNhZtlX9Qw,tyy@utu.fi,,tyy@utu.fi
Finland,Rakennus Oy J. Patoranta,"Koivistonluodontie 4B, 28330 Pori, Finland",Pori,,http://rakennusjyrkipatoranta.fi/,posti@rakennusjyrkipatoranta.fi,ChIJt6ALd5cMiUYRg5Qb1ysB1Cs,"posti@rakennusjyrkipatoranta.fi,  posti@rakennusjyrkipatoranta.fi",,posti@rakennusjyrkipatoranta.fi
Finland,YIT Suomi Oy,"Torikatu 3, 45100 Kouvola, Finland",Kouvola,,http://www.yit.fi/,,ChIJ0Rp0qviykUYRuN7b9afGDsk,firstname.lastname@yit.fi,,firstname.lastname@yit.fi
Finland,Huoneistoremontit ja uudisrakennukset Kastinen Oy,"Notkotie 11, 13210 Hämeenlinna, Finland",Hämeenlinna,,https://www.finder.fi/Rakennussaneeraus/Huoneistoremontit+ja+uudisrakennukset+Kastinen+Oy/H%C3%A4meenlinna/yhteystiedot/546511,posti@huoneistoremontti.com,ChIJz2ogRa9djkYRrUJtb9do2b4,,HTTP 202,posti@huoneistoremontti.com
Finland,Vaasan Huoneistoremontti Oy,"Kauppapuistikko 29, 65100 Vaasa, Finland",Vaasa,,http://www.vaasanhuoneistoremontti.fi/,vaasanhuoneistoremontti@anvianet.fi,ChIJCeoVGTRgfUYR4arOrC_wuj8,"willa33@anvianet.fi, vaasanhuoneistoremontti@anvianet.fi",,"vaasanhuoneistoremontti@anvianet.fi, willa33@anvianet.fi"
Finland,"Vesivek Seinäjoki - Kattoremontit, rännit ja salaojaremontit","Vaihdetie 6, 60120 Seinäjoki, Finland",Seinäjoki,,https://www.vesivek.fi/toimipiste/seinajoki/,henrik.ekstrand@vesivek.fi,ChIJ878mN0HLh0YR0EWRwOfHK0w,"rami.latvala@vesivek.fi, henrik.ekstrand@vesivek.fi, asiakaspalvelu@vesivek.fi, tommi.hautamaki@vesivek.fi, erno.keski-sikkila@vesivek.fi, antti.sistonen@vesivek.fi, pasi.siltala@vesivek.fi, tom.handelin@vesivek.fi, markus.paananen@vesivek.fi, miika.hanhisalo@vesivek.fi, antti.ivanoff@vesivek.fi, jari.syri@vesivek.fi, paulus.haukkala@vesivek.fi",,"antti.ivanoff@vesivek.fi, antti.sistonen@vesivek.fi, asiakaspalvelu@vesivek.fi, erno.keski-sikkila@vesivek.fi, henrik.ekstrand@vesivek.fi, jari.syri@vesivek.fi, markus.paananen@vesivek.fi, miika.hanhisalo@vesivek.fi, pasi.siltala@vesivek.fi, paulus.haukkala@vesivek.fi, rami.latvala@vesivek.fi, tom.handelin@vesivek.fi, tommi.hautamaki@vesivek.fi"
Finland,Kattoremontit Rakennusliike Korteniemi Oy,"Lampelankatu 32, 96320 Rovaniemi, Finland",Rovaniemi,,http://www.korteniemi.fi/,myynti@korteniemi.fi,ChIJ6-YYERVLK0QRvmDbtM94n9E,"paulus@korteniemi.fi, petri@korteniemi.fi, miikka@korteniemi.fi, tuomas@korteniemi.fi, myynti@korteniemi.fi",,"miikka@korteniemi.fi, myynti@korteniemi.fi, paulus@korteniemi.fi, petri@korteniemi.fi, tuomas@korteniemi.fi"
Finland,Salon Seudun Omaiset ja Läheiset r.y.,"Torikatu 12, 24100 Salo, Finland",Salo,,https://www.salonomaishoitajat.fi/,,ChIJrVgAFctWkkMRIVdwES4VSvQ,info@salonomaishoitajat.fi,,info@salonomaishoitajat.fi
Finland,Rauma Varastot m2 Self Storage,"Hakunintie 24, 26100 Rauma, Finland",Rauma,,http://www.raumavarastot.fi/,info@helsinkivarastot.fi,ChIJnV6VyGN_iUYR41n3OEzL_f8,info@helsinkivarastot.fi,,info@helsinkivarastot.fi
Finland,Setora Rakennus Oy,"Karhusuontie 126, 02550 Evitskog, Finland",Kirkkonummi,,http://www.setorarakennus.fi/,,ChIJlbeP3Zn0jUYRqZpuvPbrPTA,info@setorarakennus.fi,,info@setorarakennus.fi
Finland,Haaviston kuntorata,"Unnamed Road,33480, Ylöjärvi, Finland",Ylöjärvi,,https://www.ylojarvi.fi/ladut-ja-kuntopolut,kirjaamo@ylojarvi.fi,ChIJm4UjwU8oj0YRDOkL7IB67h0,"tekninen.info@ylojarvi.fi, kirjaamo@ylojarvi.fi",,"kirjaamo@ylojarvi.fi, tekninen.info@ylojarvi.fi"
Finland,"Vesivek Nurmijärvi - Kattoremontit, rännit ja salaojaremontit","Ilveskuja 8, 01900 Nurmijärvi, Finland",Nurmijärvi,,https://www.vesivek.fi/toimipiste/nurmijarvi/,joakim.wessman@vesivek.fi,ChIJ51OTe1v_jUYR7ZMo7R7bLY4,"pasi.ollikainen@vesivek.fi, noona.rehn@vesivek.fi, mikko.lesch@vesivek.fi, asiakaspalvelu@vesivek.fi, kai.laisi@vesivek.fi, tomi.kuortti@vesivek.fi, toni.kalliomaki@vesivek.fi, lasse.tuononen@vesivek.fi, jesse.ahonen@vesivek.fi, mikael.mallenius@vesivek.fi, joakim.wessman@vesivek.fi, jaakko.anttila@vesivek.fi, tatu.koivunen@vesivek.fi, kristian.makara@vesivek.fi, henri.hellman@vesivek.fi, iiro.herrala@vesivek.fi, tuomas.tikkanen@vesivek.fi",,"asiakaspalvelu@vesivek.fi, henri.hellman@vesivek.fi, iiro.herrala@vesivek.fi, jaakko.anttila@vesivek.fi, jesse.ahonen@vesivek.fi, joakim.wessman@vesivek.fi, kai.laisi@vesivek.fi, kristian.makara@vesivek.fi, lasse.tuononen@vesivek.fi, mikael.mallenius@vesivek.fi, mikko.lesch@vesivek.fi, noona.rehn@vesivek.fi, pasi.ollikainen@vesivek.fi, tatu.koivunen@vesivek.fi, tomi.kuortti@vesivek.fi, toni.kalliomaki@vesivek.fi, tuomas.tikkanen@vesivek.fi"
Finland,The factory field,"Tehtaankatu 9, 37600 Valkeakoski, Finland",Valkeakoski,,http://www.valkeakoski.fi/portal/,etunimi.sukunimi@valkeakoski.fi,ChIJkVJjjnnljkYRpdjuVBUaXyw,"etunimi.sukunimi@valkeakoski.fi, valkeakosken.kaupunki@valkeakoski.fi",,"etunimi.sukunimi@valkeakoski.fi, valkeakosken.kaupunki@valkeakoski.fi"
Finland,AJ-Kate Oy,"Torvisenkatu 15, 94200 Kemi, Finland",Kemi,,https://www.aj-kate.fi/,,ChIJ1YbvjulK1UURwPd78hJLg2M,"ahti.jarvelin@gmail.com, invoice-23045922@kollektor.fi",,"ahti.jarvelin@gmail.com, invoice-23045922@kollektor.fi"
Finland,Ramirent konevuokraamo Tornio,"Ratavartijankatu 2, 95420 Tornio, Finland",Tornio,,https://www.ramirent.fi/vuokraamot/konevuokraamo-tornio/?utm_source=google&utm_medium=gbp&utm_campaign=ramirent-tornio,asiakaspalvelu@ramirent.fi,ChIJQe_iyI5H1UURJttqJcZzu1E,"asiakaspalvelu@ramirent.fi, jani.ruonamaa@ramirent.fi, sami.kamula@ramirent.fi, tornio@ramirent.fi",,"asiakaspalvelu@ramirent.fi, jani.ruonamaa@ramirent.fi, sami.kamula@ramirent.fi, tornio@ramirent.fi"
Finland,Scandia Rent Tornio,"Torpinkatu 13, 95420 Tornio, Finland",Tornio,,http://www.scandiarent.fi/,lansi-espoo@scandiarent.fi,ChIJK1ulellH1UURXreILPCYc8c,,,lansi-espoo@scandiarent.fi
Finland,Lappari Activity Park,"Vesaisenkatu 1, 95400 Tornio, Finland",Tornio,,https://lappari.fi/lappari-activity-park/,,ChIJQ5m0uoJH1UUR2Vvroxspc34,sales@lappari.fi,,sales@lappari.fi
Finland,Experience Factory Lappari,"Vesaisenkatu 1, 95400 Tornio, Finland",Tornio,,http://www.lappari.fi/,sales@lappari.fi,ChIJF0LVhI9H1UURB9AdT25YfKY,sales@lappari.fi,,sales@lappari.fi
Finland,Tornion Järjestötalo,"Kemintie 53, 95420 Tornio, Finland",Tornio,,http://www.luotsi.net/,info@luotsi.net,ChIJd7LDO5JH1UURov2Iyc0q8RQ,info@luotsi.net,,info@luotsi.net
Finland,Uitonranta,"Pirkankatu 45, 95430 Tornio, Finland",Tornio,,https://www.tornio.fi/asuminen-ja-ymparisto/ymparisto/virkisty-luonnossa/uimarannat/#,,ChIJQ7BPn0hH1UURalZz65SOKsY,"henna.lauhikari@tornio.fi, kirjaamo@tornio.fi",,"henna.lauhikari@tornio.fi, kirjaamo@tornio.fi"
Finland,Tornio Construction Gravel Ltd,"Veturitallintie 18, 95410 Tornio, Finland",Tornio,,https://tornionrakennussora.fi/,posti@tornionrakennussora.fi,ChIJJTjcbYlH1UURHYIKNtPEUDA,posti@tornionrakennussora.fi,,posti@tornionrakennussora.fi
Finland,TSV-Rakennus Oy,"Metallimiehenkatu 9, 95450 Tornio, Finland",Tornio,,http://www.tsvrakennus.fi/,,ChIJQ3B8ao9H1UURIpjkjRb--is,jussi.kantola@tsvrakennus.fi,,jussi.kantola@tsvrakennus.fi
Finland,Tornion Laatulattiat Oy,"L 10, Teollisuuskatu 8-10, 95420 Tornio, Finland",Tornio,,http://www.tornionlaatulattiat.fi/,,ChIJnX1qLbE51UUR3KOedRMs1PQ,"jari.ahokas@tornionlaatulattiat.fi, kosteusmittaus@tornionlaatulattiat.fi",Timeout,"jari.ahokas@tornionlaatulattiat.fi, kosteusmittaus@tornionlaatulattiat.fi"
Finland,Tornion Harjateräs Oy,"Keskikatu 17-19 B 14, 95400 Tornio, Finland",Tornio,,https://www.trht.fi/,info@trht.fi,ChIJY3WoxI1H1UURQYX0ogCkg5I,info@trht.fi,,info@trht.fi
Finland,MJ-Rakennus Oy,"Törmäntie 55, 95410 Tornio, Finland",Tornio,,http://www.mj-rakennus.com/,,ChIJkzeQ9M851UURPGBdznr25dg,info@mj-rakennus.com,,info@mj-rakennus.com
Finland,Hallirakentajat Lappi oy,"Sepänkatu 7, 95420 Tornio, Finland",Tornio,,http://www.hallirakentajat.fi/,,ChIJnUWRHWdH1UURi44o74Za3YQ,joonas.rautio@hallirakentajat.fi,,joonas.rautio@hallirakentajat.fi
Finland,Topplattiat Ky,"Teollisuuskatu 8-10, 95420 Tornio, Finland",Tornio,,https://www.topplattiat.fi/,,ChIJXQ6Xnn441UUR1rm8xWQfqcE,toni@topplattiat.fi,,toni@topplattiat.fi
Finland,Lapin Muuraus-ja Rakennuspalvelu Oy,"Laurinkuja 23, 95410 Tornio, Finland",Tornio,,https://www.muurausjarakennuspalvelu.com/,,ChIJ97rdEV451UUR_MJ7U5cto30,muuraus.alaluusua@gmail.com,,muuraus.alaluusua@gmail.com
Finland,Tornion Työvoimalasäätiö,"Teollisuuskatu 8, 95420 Tornio, Finland",Tornio,,https://www.tyovoimalasaatio.fi/,etunimi.sukunimi@tornio.fi,ChIJF8LTwZFH1UURp2nfp4g21Yk,etunimi.sukunimi@tornio.fi,,etunimi.sukunimi@tornio.fi
Finland,K-Rauta Tornio,"Virkamaankatu 10, 95420 Tornio, Finland",Tornio,,http://www.k-rauta.fi/myymalat/tornio,katarina.naumanen@k-rauta.fi,ChIJsR5PEI5H1UURR524fZ5X5ZQ,,,katarina.naumanen@k-rauta.fi
Finland,Väriraitti Oy,"Torpinkatu 3, 95420 Tornio, Finland",Tornio,,http://www.variraitti.fi/,,ChIJV8FHOpBH1UURORWUyepITlo,myymala@variraitti.fi,,myymala@variraitti.fi
Finland,Arctic Rabbit Oy,"Pirkankatu 34, 95430 Tornio, Finland",Tornio,,http://www.arcticrabbit.fi/,,ChIJ-doyZORH1UUR2TzM96I1-2U,"arcticrabbit@hotmail.com, juhapappila@hotmail.com",,"arcticrabbit@hotmail.com, juhapappila@hotmail.com"
Finland,Tornion Betonirakentajat Oy,"Sepäntie 19, 94500 Lautiosaari, Finland",Tornio,,https://tbroy.fi/,betoni.rakentajat@tbroy.fi,ChIJtRjY2HdH1UURnTZuH2Cwz-k,betoni.rakentajat@tbroy.fi,,betoni.rakentajat@tbroy.fi
Finland,Habita Tornio,"Rajalla Kauppakeskus - På Gränsen Länsiranta 10 LH 1240, 95400 Tornio, Finland",Tornio,,https://www.habita.com/toimipiste/16/Habita-Tornio,jasmine.alamaki@habita.com,ChIJV0o47J1H1UUR-N4ooFoxesc,"jasmine.alamaki@habita.com, tornio@habita.com, jorma.salmela@habita.com, heikki.alasaukko-oja@habita.com",,"heikki.alasaukko-oja@habita.com, jasmine.alamaki@habita.com, jorma.salmela@habita.com, tornio@habita.com"
Finland,Merinotalot / JMV-Rakennus Oy,"Hallituskatu 10, 95400 Tornio, Finland",Tornio,,http://jmvrakennus.fi/,,ChIJpyl46Z5H1UURLcccODkl2Y0,"juho@jmvrakennus.fi, keinonenjonne@gmail.com",,"juho@jmvrakennus.fi, keinonenjonne@gmail.com"
Finland,Takkahuone Tornio/Tulisijakauppa Muuraus ja Laattatyö,"Teollisuuskatu 4, 95420 Tornio, Finland",Tornio,,http://www.muurausjalaattatyo.fi/,info@muurausjalaattatyo.fi,ChIJz6fuETtI1UURUa6fOoNzU0M,", info@muurausjalaattatyo.fi",,info@muurausjalaattatyo.fi
Finland,Insinööritoimisto Rak-Tor,"Torikatu 11, 95400 Tornio, Finland",Tornio,,http://www.raktor.fi/,etunimi.sukunimi@raktor.fi,ChIJPzxl1HdH1UURaoVl_ltcWv8,etunimi.sukunimi@raktor.fi,,etunimi.sukunimi@raktor.fi
Finland,"Vesivek Turku - Kattoremontit, rännit ja salaojaremontit","Vakiotie 9, 21420 Lieto, Finland",Lieto,,https://www.vesivek.fi/toimipiste/turku/,timo.pihlava@vesivek.fi,ChIJm1QsKN9zjEYRgWxSQHkYvh0,"jukka.stenij@vesivek.fi, mikko.pelkonen@vesivek.fi, tatu.koivunen@vesivek.fi, hannu.jussila@vesivek.fi, topias.ranta@vesivek.fi, timo.pihlava@vesivek.fi, hannes.jussila@vesivek.fi, asiakaspalvelu@vesivek.fi, petri.eerikainen@vesivek.fi",,"asiakaspalvelu@vesivek.fi, hannes.jussila@vesivek.fi, hannu.jussila@vesivek.fi, jukka.stenij@vesivek.fi, mikko.pelkonen@vesivek.fi, petri.eerikainen@vesivek.fi, tatu.koivunen@vesivek.fi, timo.pihlava@vesivek.fi, topias.ranta@vesivek.fi"
Finland,"The lure Oy Kuusamo, factory shop / Lifestyle Suvanto Kuusamo","Professori Räsäsentie 1-2, 93600 Kuusamo, Finland",Kuusamo,,https://kuusamonuistin.fi/tehtaanmyymala/,shop@kuusamonuistin.fi,ChIJJYFAQCNQKUQRhyh3giMu35g,,HTTP 503,shop@kuusamonuistin.fi
Finland,Viitosmoottori,"Vehkalahdentie 5, 19210 Heinola, Finland",Heinola,,http://www.viitosmoottori.fi/,info@viitosmoottori.fi,ChIJN6gEiLIgkEYRRxBs8EDl6OQ,info@viitosmoottori.fi,,info@viitosmoottori.fi
Finland,HTA Services / Janitorial Services for detached houses Talkkari,"Kolhontie 10 D, 42700 Keuruu, Finland",Keuruu,,http://www.htapalvelut.fi/,info@htapalvelut.fi,ChIJN11kjEFfj0YRbn_k5diM-7Q,info@htapalvelut.fi,,info@htapalvelut.fi
Finland,Rantala Yhtiöt,"Vihtorinkatu 1, 23800 Laitila, Finland",Laitila,,http://www.rantalayhtiot.fi/,,ChIJAQCQv0vDi0YRijQSBPGq22s,info@rantalayhtiot.fi,,info@rantalayhtiot.fi
Slovenia,"Minis, proizvodnja in storitve, d.o.o.","Velika Pirešica 1, 3310 Žalec, Slovenia",Ljubljana,,http://ograjeminis.si/,info@ograjeminis.si,ChIJi9B7m-NwZUcRXqAerEWogG8,info@ograjeminis.si,,info@ograjeminis.si
Slovenia,"Md konstrukcije, stopnice in ograje, storitve, trgovina, podjetniško in poslovno svetovanje, d.o.o.","Ljubljanska ulica 17b, 2000 Maribor, Slovenia",Maribor,,https://www.bizi.si/MD-KONSTRUKCIJE-STOPNICE-IN-OGRAJE-D-O-O/,novaresitev@gmail.com,ChIJHX1bmqB3b0cRkt5F5ZP6S4w,"novaresitev@gmail.com, info@bizi.si",,"info@bizi.si, novaresitev@gmail.com"
Slovenia,"Spekter Kranj d.o.o., družba za gradbeništvo, storitve in promet z nepremičninami","Mlekarska ulica 13, 4000 Kranj, Slovenia",Kranj,,https://www.spekter-kr.si/,info@spekter-kr.si,ChIJH4mW3-K3ekcR_zIGtIG9Z2s,info@spekter-kr.si,,info@spekter-kr.si
Slovenia,Domgrad storitve d.o.o.,"Pšenična Polica 17, 4207 Cerklje na Gorenjskem, Slovenia",Kranj,,https://zagradnjo.si/,izposodi@zagradnjo.si,ChIJPVxdl7S1ekcR9NQD-hKwGeQ,,SSL Error,izposodi@zagradnjo.si
Slovenia,"Gradton, storitve d.o.o.","Valjavčeva ulica 8, 4000 Kranj, Slovenia",Kranj,,http://gradton.si/,info@gradton.si,ChIJnQqJHiK4ekcRa1O2tJxQG4w,info@gradton.si,,info@gradton.si
Slovenia,"Spekter gradnje, gradbeništvo, trgovina in storitve, d.o.o.","Mlekarska ulica 13, 4000 Kranj, Slovenia",Kranj,,https://www.moja-dejavnost.si/dobro-gradbeno-podjetje-kranj/spekter-gradnje-doo/MM1rbSaW,info@mediaorbis.si,ChIJkUhCoAPIekcRPeypsT3D65I,,,info@mediaorbis.si
Slovenia,Umetnostno kovaštvo in storitve Zvonko Golob s.p.,"Fala 35a, 2352 Selnica ob Dravi, Slovenia",Kranj,,http://www.kovana.si/,info@kovana.si,ChIJr-QQJTebb0cRTAwGBhY7iqI,,HTTP 503,info@kovana.si
Slovenia,"Grim Commerce, trgovina in storitve d.o.o. Koper","Vanganelska cesta 10, 6000 Koper, Slovenia",Koper,,http://grim-commerce.si/,olmo@grim-commerce.si,ChIJSRmaSCpme0cRDptC8H_KzZ8,"salara@grim-commerce.si, olmo@grim-commerce.si",,"olmo@grim-commerce.si, salara@grim-commerce.si"
Slovenia,Gradbene storitve Kastelec Dušan s.p.,"Gotna vas 7, 8000 Novo mesto, Slovenia",Novo Mesto,,http://gradbenistvo-kastelec.si/,kastelec.dusan@siol.net,ChIJHw_qp2BVZEcRQ0ow5UGFdyY,kastelec.dusan@siol.net,,kastelec.dusan@siol.net
Slovenia,"Vsegrad Nm, trgovina in storitve, d.o.o.","Srebrniče 1, 8000 Novo mesto, Slovenia",Novo Mesto,,http://www.vsegrad.si/,jure@vsegrad.si,ChIJ2YLrgLf_ZEcRfg2YnlV4c-4,"info@vsegrad.si, jure@vsegrad.si",,"info@vsegrad.si, jure@vsegrad.si"
Slovenia,Supernova Mercator Novo mesto,"Ljubljanska cesta 47, 8000 Novo mesto, Slovenia",Novo Mesto,,https://www.supernova-mercator-novomesto.si/,info@supernova.si,ChIJ-VdF1iQAZUcRnmFNrUzju_Q,,,info@supernova.si
Slovenia,"Dnl Andi Podlesnik s.p., mehanska obdelava kovin, trgovina in druge poslovne storitve","Pod gozdom 17, 1420 Trbovlje, Slovenia",Trbovlje,,http://www.dnl.si/,andi@dnl.si,ChIJFx9mzaBsZUcRGBM5Ob8RIRw,"info@dnl.si, andi@dnl.si",,"andi@dnl.si, info@dnl.si"
Slovenia,"Žurbi team družba za gradbene storitve, d.o.o., Kamnik","Bakovnik 5 A, 1241 Kamnik, Slovenia",Kamnik,,http://www.zurbiteam.com/,tajnistvo@zurbiteam.si,ChIJx3LIaIhKZUcRt3G67ib4BJE,tajnistvo@zurbiteam.si,,tajnistvo@zurbiteam.si
Slovenia,"Stireks prodaja in storitve, d.o.o.","Vrhpolje pri Kamniku 173, 1241 Kamnik, Slovenia",Kamnik,,http://stireks.si/,info@stireks.si,ChIJr02qU4tKZUcRvvjq8UWkBpE,info@stireks.si,,info@stireks.si
Slovenia,"Beso b, podjetje za gradbene storitve, d.o.o.","Cesta Borisa Kidriča 1, 4270 Jesenice, Slovenia",Jesenice,,http://www.beso.si/,info@beso.si,ChIJ7WNpooWaekcRHIPdvE0IUyw,info@beso.si,,info@beso.si
Slovenia,"Techno Berglez, trgovina, storitve, marketing, d.o.o.","Kapucinski trg 8, 4220 Škofja Loka, Slovenia",Škofja Loka,,http://www.techno-trgovina.com/,info@techno-trgovina.com,ChIJx2fZ3P_FekcR-QdpGR_wp9I,info@techno-trgovina.com,,info@techno-trgovina.com
Slovenia,"Obrtnik podjetje za gradbeno obrtne storitve, Škofja Loka, d.d.","Blaževa ulica 3, 4220 Škofja Loka, Slovenia",Škofja Loka,,https://www.obrtnik.si/,info@obrtnik.si,ChIJawbwyg_GekcRWHIr8kRjjJ8,info@obrtnik.si,,info@obrtnik.si
Slovenia,Petrus trgovina,"Kapucinski trg 8, 4220 Škofja Loka, Slovenia",Škofja Loka,,https://www.petrus.si/,,ChIJTYjI1Y_JekcRp6HcHb9lwzI,"janka@petrus.si, info@petrus.si, peter@petrus.si",,"info@petrus.si, janka@petrus.si, peter@petrus.si"
Slovenia,"Opeka, podjetje za trgovino in storitve, d.o.o.","Suha pri Predosljah 28, 4000 Kranj, Slovenia",Škofja Loka,,http://www.opeka.si/,opeka@siol.net,ChIJkyBnhXK3ekcRICNzoykfl98,opeka@siol.net,,opeka@siol.net
Slovenia,Inoks Knez proizvodnja in storitve d.o.o.,"Tomaška vas 11a, 2383 Šmartno pri Slovenj Gradcu, Slovenia",Slovenj Gradec,,http://www.sineteh.si/,simona@sineteh.si,ChIJ7fm5nyqLb0cRvicefoPll_c,"simona@sineteh.si, info@example.com",,simona@sineteh.si
Slovenia,ELOPS trgovina in storitve,"Ronkova ulica 37, 2380 Slovenj Gradec, Slovenia",Slovenj Gradec,,http://www.elops.mobi/,elops.storitve@gmail.com,ChIJ7YyBhVv1b0cRt3zuurHpNQ0,elops.storitve@gmail.com,,elops.storitve@gmail.com
Slovenia,"Gombač, proizvodnja, trgovina in storitve d.o.o.","Industrijska cesta 6, 6310 Izola, Slovenia",Izola,,https://www.gombac.si/,,ChIJic5cE4tle0cRSOxBwXqthQw,info@gombac.si,,info@gombac.si
Slovenia,"Euroform d.o.o. Črnomelj, storitve, trgovina in proizvodnja","Majer 20a, 8340 Črnomelj, Slovenia",Črnomelj,,http://www.euroform.si/,info@euroform.si,ChIJY7qCMHdcZEcR5Q0nD1BazQE,info@euroform.si,,info@euroform.si
Slovenia,"Junikor proizvodnja, trgovina in storitve d.o.o.","Dobja vas, 2390 Ravne na Koroškem, Slovenia",Ravne na Koroškem,,https://www.junikor.com/mizarstvo-smonkar/,info@junikor.com,ChIJ5ygLhiP5b0cRYbktt-VHb24,info@junikor.com,,info@junikor.com
Slovenia,"Lesarstvo Žaže, Mizarsko, proizvodno in storitveno podjetje, d.o.o.","Tolsti vrh 63 b, 2390 Ravne na Koroškem, Slovenia",Ravne na Koroškem,,http://www.zaze.si/,info@zaze.si,ChIJS0RA2p7wb0cRkHBsqVP8Pjo,,HTTP 503,info@zaze.si
Slovenia,"Biolive, izposoja vozil, oglaševanje, gostinstvo in storitve, d.o.o.","Dobja vas 1, 2390 Ravne na Koroškem, Slovenia",Ravne na Koroškem,,http://www.rentajme.si/,info@rentajme.si,ChIJ-fAgb__5b0cRb4uRyrE3Gng,,,info@rentajme.si
Slovenia,"Kera.Net posredništvo, trgovina ter druge storitve, d.o.o.","Mladinska ulica 15, 8250 Brežice, Slovenia",Brežice,,http://www.kera-net.si/,racunovodstvo@kera-net.si,ChIJfRgJety5ZUcRnw93MBxBAfs,,,racunovodstvo@kera-net.si
Slovenia,Gald proizvodnja in storitve d.o.o.,"Poljubinj 89l, 5220 Tolmin, Slovenia",Tolmin,,http://www.gald.si/,info@gald.si,ChIJh91UwK73ekcRhKUUloFmpSs,info@gald.si,,info@gald.si
Slovenia,"M-Grad, Izvajalsko in storitveno podjetje, d.o.o., Radovljica","Lancovo 50 b, 4240 Radovljica, Slovenia",Radovljica,,http://www.m-grad.com/,mgrad@telemach.net,ChIJw5mpcRiWekcRXZjv7on_nrQ,mgrad@telemach.net,,mgrad@telemach.net
Slovenia,"Montaža Škerjanec, podjetje za storitve, inženiring in trgovino, d.o.o.","Brodišče 18, 1236 Trzin, Slovenia",Trzin,,http://www.montaza-skerjanec.si/,info@lune-invest.si,ChIJSUak2nwzZUcRRwpRLnYGWh4,"info@montaza-skerjanec.si, info@lune-invest.si",,"info@lune-invest.si, info@montaza-skerjanec.si"
Slovenia,Mihaela trgovina in storitve d.o.o.,"Hardek 34f, 2270 Ormož, Slovenia",Ormož,,http://www.mihaela.si/,info@mihaela.si,ChIJM04O6ntab0cREMLsChgffpY,info@mihaela.si,,info@mihaela.si
Slovenia,"Ključavničarstvo, trgovina in storitve Darko Šijanec s.p.","Štajngrova 23, 2234 Benedikt, Slovenia",Lenart,,https://www.moja-dejavnost.si/inox-ograje-maribor/darko-sijanec-sp/MMxz_RYy,info@mediaorbis.si,ChIJtWHL6P9sb0cRQhyRs_ISjOU,,,info@mediaorbis.si
Austria,MSM Zäune GmbH,"Zeppelinstraße 41, 4030 Linz, Austria",Linz,,http://www.msm-zaun.at/,dd0a55ccb8124b9c9d938e3acf41f8aa@sentry.wixpress.com,ChIJ6bhplTW7c0cRIfuu3YuZ4eY,"office@zaun-design.at, office@msm-zaun.at",,"dd0a55ccb8124b9c9d938e3acf41f8aa@sentry.wixpress.com, office@msm-zaun.at, office@zaun-design.at"
Austria,A-Z Montageservice GmbH Garagentore - Zäune - Carports,"Robert-Stolz-Straße 12, 4020 Linz, Austria",Linz,,http://www.a-z-montageservice.at/,robert.wuercher@gmx.at,ChIJFSSMt8aXc0cRla0z4YlwjCA,robert.wuercher@gmx.at,,robert.wuercher@gmx.at
Austria,Bernhofer Zäune by BHB-Partner,"Kapellenstraße 2, 5302 Henndorf am Wallersee, Austria",Salzburg,,http://www.bhb-partner.com/,office@bhb-partner.com,ChIJPb3Jv-medkcRRjqYZwtsaxg,office@bhb-partner.com,,office@bhb-partner.com
Austria,Schmid-Zäune,"Heming 12, 5163 Palting, Austria",Salzburg,,https://www.schmid-zaunmontage.at/,office@schmid-zaunmontage.at,ChIJi8Mm0CKDdkcR3iHYwPCxZqY,office@schmid-zaunmontage.at,,office@schmid-zaunmontage.at
Austria,Hans Weithas Metallbau und Zäune GmbH & Co KG,"Kaplanstraße 8, 6063 Rum, Austria",Innsbruck,,https://www.weithas.at/,hans@weithas.at,ChIJbRYWutdunUcRT8EcuEe0gfE,,,hans@weithas.at
Austria,ICO Gerüstbau & Gerüstverleih GmbH,"Doktor-Franz-Werner-Straße 32, 6020 Innsbruck, Austria",Innsbruck,,https://www.ico-bau.at/,,ChIJ0aNSlsRpnUcRWhbRFTGXPbw,office@ico-bau.at,,office@ico-bau.at
Austria,deinPlatz - Self Storage,"Reitschulgasse 16, 9500 Villach, Austria",Villach,,http://www.deinplatz.at/,info@deinplatz.at,ChIJ0TZWbTSAcEcRTD3VQ4i5cjg,info@deinplatz.at,,info@deinplatz.at
Austria,OGK Zäune GmbH,"IGP Süd Völkermarkt 14, 9100 Völkermarkt, Austria",Villach,,https://ogkzaeune.at/,p.milan@chello.at,ChIJ_Yo4w2kbcEcROcSKYCH7Bwc,"info@ogkzaeune.at, p.milan@chello.at",,"info@ogkzaeune.at, p.milan@chello.at"
Austria,"Schartner Tortechnik - Tore, Zäune & Antriebe","Gärtnerstraße 11, 4600 Wels, Austria",Wels,,http://www.tortechnik.co.at/,office@tortechnik.co.at,ChIJZVFkFLvyc0cR6Osv5r4U3B0,office@tortechnik.co.at,,office@tortechnik.co.at
Austria,OBI store Wiener Neustadt,"Prof.-Dr.-Stephan-Koren-Straße 14, 2700 Wiener Neustadt, Austria",Wiener Neustadt,,https://www.obi.at/markt/wiener-neustadt?wt__mc=gp.at065_Wiener_Neustadt%E2%80%A6,service@obi.at,ChIJv3KGmcrLbUcR9gNCDzwZH20,markta065@obi.at,,"markta065@obi.at, service@obi.at"
Austria,SG Verleih Darko Stajic,"Salbeistraße 3, 4484 Kronstorf, Austria",Steyr,,https://www.sgverleih.at/,,ChIJI7HLHzdLSwUR4BhOFlbr4MY,office@sgverleih.at,,office@sgverleih.at
Austria,AG Zäune,"Am Industriepark 9/b, 9431 Wolfsberg, Austria",Wolfsberg,,https://ag-zaun.at/,support@webador.de,ChIJC8uE6GwhcEcRkYNRITMTUDQ,info@ag-zaun.at,,"info@ag-zaun.at, support@webador.de"
Austria,EPS-Austria GmbH,"Doktor-Knechtl-Straße 1, 4050 Traun, Austria",Traun,,http://www.eps-austria.at/,,ChIJh72F-OKVc0cRbcGhPGsuokc,office@eps-austria.com,,office@eps-austria.com
Austria,Wurz Zäune,"Energiestraße 1, 3304 St. Georgen am Ybbsfelde, Austria",Amstetten,,http://www.zaun-wj.at/,info@zaun-wurz.at,ChIJIS_fNwhHckcRCzmQx1LtoTw,info@zaun-wurz.at,,info@zaun-wurz.at
Austria,TORtechnik Unterland,"Eibergstraße 5, 6330 Kufstein, Austria",Kufstein,,https://tortechnik-unterland.at/,info@tortechnik-unterland.at,ChIJT4jTHgAxdkcRjN8Iy6FWgkc,info@tortechnik-unterland.at,,info@tortechnik-unterland.at
Austria,Motorikpark Kufstein,"Pienzenauerstraße 24, 6330 Kufstein, Austria",Kufstein,,http://www.kufstein.at/,kufstein@lms.tsn.at,ChIJ8TAC3UI3dkcRWwz_CBlfDsU,"booking@kufstein.com, stadtamt@kufstein.at",,"booking@kufstein.com, kufstein@lms.tsn.at, stadtamt@kufstein.at"
Austria,Stock.Storage – Dein Platz. Dein Raum.,"Josef-Sandhofer-Straße 6, 2000 Stockerau, Austria",Stockerau,,https://stock.storage/,office@stock.storage,ChIJdVgZ1wgTbUcRlfLVESyGYds,office@stock.storage,,office@stock.storage
Austria,EUROTOR,"Dunkelsteiner Str. 10, 2630 Ternitz, Austria",Ternitz,,https://www.eurotor.at/,office@eurotor.at,ChIJb6XbxWTQbUcRBulLSkRp_1c,office@eurotor.at,,office@eurotor.at
Austria,Fox Storage Garagenpark Feldkirchen,"Industriestraße, 9560 Feldkirchen in Kärnten, Austria",Feldkirchen,,https://fox-storage.at/,office@fox-storage.at,ChIJIWqx34B7cEcRXKwYXSllEiM,office@fox-storage.at,,office@fox-storage.at
Austria,Garagentore Stephan Seidnitzer,"Kreuterer Str. 23F, 4820 Bad Ischl, Austria",Bad Ischl,,https://www.garagentore-seidnitzer.at/,stephanseidnitzer@icloud.com,ChIJXZRI08yydkcRDT7E8mgCxDQ,stephanseidnitzer@icloud.com,,stephanseidnitzer@icloud.com
Austria,AA Baumanagement GmbH,"Doktor-Alfons-Weissgatterer-Straße 32, 6130 Schwaz, Austria",Schwaz,,https://www.aa-baumanagement.at/,,ChIJMWX4NBp9nUcRB18W3_kd9NA,sekretariat@aa-baumanagement.at,,sekretariat@aa-baumanagement.at
Austria,metallbau tuschek gmbh,"Koaserbauer-Straße 4, 4810 Gmunden, Austria",Gmunden,,https://www.metallbau-tuschek.at/,,ChIJOeQW_Sr8c0cRurOs5uWpNuE,office@metallbau-tuschek.at,,office@metallbau-tuschek.at
Hungary,Kapu készítés,"Budapest, Bekecs u. 82, 1162 Hungary",Budapest,,http://www.kapukeszites.hu/,kapukeszitesub@gmail.com,ChIJPSvH2h3FQUcRBQ6XrLR26og,kapukeszitesub@gmail.com,,kapukeszitesub@gmail.com
Hungary,Építőipari gépkölcsönző Debrecen | Bestrental |,"Debrecen, Monostorpályi út 33, 4030 Hungary",Debrecen,,http://bestrental.hu/kolcsonzes/kolcsonzes-k1.html,,ChIJFe_B8_QOR0cR51rChe3UwN0,iroda@lmaxkft.hu,,iroda@lmaxkft.hu
Hungary,Bestrental Csavarbolt Debrecen,"Debrecen, Monostorpályi út 33, 4030 Hungary",Debrecen,,http://www.bestrental.hu/,,ChIJu7tIh_QOR0cR3g8vTdmTxgE,iroda@lmaxkft.hu,,iroda@lmaxkft.hu
Hungary,Precíz Creator Kft.,"Debrecen, Madár utca 3, 4002 Hungary",Debrecen,,http://www.ujjaepitok.hu/,howell.liberty@atithte.si,ChIJj4Fo2WEOR0cR4SBrxnDHzZg,,,howell.liberty@atithte.si
Hungary,Dritor Plusz Kft.,"Debrecen, Külső, Kassai út 49, 4014 Hungary",Debrecen,,http://www.dritorpluszkft.hu/,dpferi@gmail.com,ChIJp7j3q5gSR0cRl03Crl6IGsk,"dobaine.ildiko@dritorpluszkft.hu, dobai.viktoria@dritorpluszkft.hu, dpferi@gmail.com",,"dobai.viktoria@dritorpluszkft.hu, dobaine.ildiko@dritorpluszkft.hu, dpferi@gmail.com"
Hungary,WPC STORE,"Debrecen, Köntösgát sor 15, 4031 Hungary",Debrecen,,https://wpcstore.hu/,info@wpcstore.hu,ChIJ_12vI-gRR0cRDklCIOO6QYI,info@wpcstore.hu,,info@wpcstore.hu
Hungary,Okoskapuk,"Miskolc, Szilágyi Dezső u. 52, 3529 Hungary",Miskolc,,http://www.okoskapuk.hu/,okoskapuk@gmail.com,ChIJc4bTV6xIY0MRGZIBCfLbPKA,,HTTP 503,okoskapuk@gmail.com
Hungary,"Tömlőgyártás, Munkahenger Javítás, Hidro-Mobil Kft. Parker Store, Perma Hungary","Pécs, Pécsváradi út 12/1, 7630 Hungary",Pécs,,http://www.hidro-mobil.hu/,webshop@hidro-mobil.hu,ChIJx6iZ59iwQkcRoTdFWxxt89E,"info@hidro-mobil.hu, webshop@hidro-mobil.hu",,"info@hidro-mobil.hu, webshop@hidro-mobil.hu"
Hungary,"Telesys Kft. - Ipari kapu rendszerek, ajtó rendszerek, dokkoló rendszerek,garázskapu","Pécs, Rácvárosi út 62, 7634 Hungary",Pécs,,https://telesys.hu/,automatika@telesys.hu,ChIJn-gwJP-xQkcR46S9yYNuO4o,,HTTP 503,automatika@telesys.hu
Hungary,Torland-Ker Kft.,"Győr, Tőzike u. 3, 9026 Hungary",Győr,,http://www.torland.hu/,info@torland.hu,ChIJqWIzmNe_a0cRMW77_TBmY68,,,info@torland.hu
Hungary,Y-Szektor Kft,"Nyíregyháza, Pazonyi út 55, 4400 Hungary",Nyíregyháza,,https://www.yszektor.hu/,info@yszektor.hu,ChIJq_0HQgGfOEcRyJw2G40qJRw,"info@yszektor.hu, contact@domain.com, lemezker@yszektor.hu",,"info@yszektor.hu, lemezker@yszektor.hu"
Hungary,Nyírségi Építőipari Kft.,"Nyíregyháza, Pásztor köz 7, 4405 Hungary",Nyíregyháza,,http://nyirepitok.hu/,,ChIJ-2ONrgyfOEcRKOul-90C_Xc,"nyirsegiepitokft@gmail.com, info@nyirepitok.hu",,"info@nyirepitok.hu, nyirsegiepitokft@gmail.com"
Hungary,Asztalos Székesfehérvár - Árki és Árki bútorasztalos műhely,"Székesfehérvár, Seregélyesi út 61, 8000 Hungary",Székesfehérvár,,https://asztalosszekesfehervar.hu/,info@asztalosszekesfehervar.hu,ChIJ40Z1eY73aUcRW-FwBm37-h0,,,info@asztalosszekesfehervar.hu
Hungary,VINEX Villanypásztor Szaküzlet és Állattartók Boltja,"Szombathely, Bethlen Gábor u. 4, 9700 Hungary",Szombathely,,https://vinexvillanypasztor.hu/,info@vinexbt.hu,ChIJFRzmijW4bkcR2U8x_jRZskE,info@vinexbt.hu,,info@vinexbt.hu
Hungary,Lakatos Szol-Team Kft - Kapukészítő,"Szolnok, Daru u. 1, 5000 Hungary",Szolnok,,https://lakatosszolnok.hu/,info@lakatosszolnok.hu,ChIJCdB_DC1BQUcROjXswugLLUk,,SSL Error,info@lakatosszolnok.hu
Hungary,"Jókai Kaputechnika . - Garázskapu építés Érd , Kertkapu szervizelés Érd","Érd, Bogyó u. 32/a, 2030 Hungary",Érd,,http://www.jokaikaputechnikakft.hu/,kapuelektromos@gmail.com,ChIJ-dVE1u_hQUcRq2ZIiSvdbjc,,SSL Error,kapuelektromos@gmail.com
Hungary,"Orosz-Építők Kft. - Generálkivitelezés, Házépítés, Homlokzati felújítás","Eger, Hatvani kapu tér 4, 3300 Hungary",Eger,,http://www.oroszepitok.hu/,,ChIJu84hIp6NQEcRrsPGq3Y6_mE,"elitapartmanok@gmail.com, oroszep@gmail.com, oroszep@gmail.com, elitapartmanok@gmail.com",,"elitapartmanok@gmail.com, oroszep@gmail.com"
Hungary,"JOLA - Ajtó, Ablak Kereskedés és Kivitelezés","Eger, Cifrakapu u. 162, 3300 Hungary",Eger,,https://www.jola.hu/szakuzleteink/eger,,ChIJYTxpSMaNQEcRQ8eztXX3bw0,eger@jola.hu,,eger@jola.hu
Hungary,újHÁZ Centrum | Bodrogi Construction and DIY store,"Hódmezővásárhely, Hódtó u. 21, 6800 Hungary",Hódmezővásárhely,,https://ujhazbodrogi.hu/?utm_source=google_business_profile&utm_medium=gbp_view_website&utm_campaign=hmv_aruhaz,ugyfelszolgalat@ujhazbodrogi.hu,ChIJY5zbB2ZvREcROS6Fn4cDo9g,ugyfelszolgalat@ujhazbodrogi.hu,,ugyfelszolgalat@ujhazbodrogi.hu
Hungary,EJ Project Kaputechnika,"Szigetszentmiklós, Jókai u. 10/a, 2310 Hungary",Szigetszentmiklós,,https://www.ejproject.hu/,info@domainem.hu,ChIJpV205Iqx8KcRUhkBWiJ33SQ,,,info@domainem.hu
Hungary,Factory Facility Management Kft.,"Vác, Naszály út 18, 2600 Hungary",Vác,,https://factoryfm.hu/,hello@factoryfm.hu,ChIJ-YFmiZ0rQEcRaMS6g3tPitI,hello@factoryfm.hu,,hello@factoryfm.hu
Hungary,Kontex Kft.,"Ajka, Ipari Park Északi Szektor 1/1., 8400 Hungary",Ajka,,http://www.kontex.hu/,,ChIJY9imeJRzaUcRnHw50xw060c,kontex@kontex.hu,,kontex@kontex.hu
Hungary,"Sommer Bolt - Sommer Disztribútor, márkakereskedés","Hatvan, Esze Tamás u. 4, 3000 Hungary",Hatvan,,http://www.sommerbolt.hu/,info@sommerbolt.hu,ChIJwS6PWklNQEcRXEeaSBl71Vc,info@sommerbolt.hu,,info@sommerbolt.hu
Hungary,Farmers Store,"Kiskunfélegyháza, Kecskeméti út 173, 6100 Hungary",Kiskunfélegyháza,,http://www.integralzrt.hu/,baromfi@integralzrt.eu,ChIJoRUZ1NXrQ0cRMgyAoG5JoNQ,"integral.zrt@integralzrt.eu, baromfi@integralzrt.eu",,"baromfi@integralzrt.eu, integral.zrt@integralzrt.eu"
Hungary,Csikusz-Csik Kft.,"Pusztamonostor, Szabadság út 53, 5125 Hungary",Jászberény,,http://www.trapezcsikusz.com/,,ChIJASZzLeOrQUcR-JVXo_h3IhQ,csikuszorders@gmail.com,,csikuszorders@gmail.com
Hungary,Fatelep - R. R. Westor Kft.,"Hajdúszoboszló, Nyugati sor 19, 4200 Hungary",Hajdúszoboszló,,http://www.rrwestor.hu/,info@rrwestor.hu,ChIJYXLdB2oZR0cRLZ88USdPXtU,info@rrwestor.hu,,info@rrwestor.hu
Hungary,Paku Kapu,"Siófok, Honvéd u. 126/b, 8600 Hungary",Siófok,,http://www.paku.hu/,info@paku.hu,ChIJZ-E_65-5aUcR7T4GfhPYXXQ,info@paku.hu,,info@paku.hu
Hungary,"K+D Kft. ǀ Építőanyag Kereskedés, Szigetmonostor","Szigetmonostor 1113, 2015 Hungary",Szentendre,,http://kpluszdkft.hu/,hotrod13@t-online.hu,ChIJoy9T3TXUQUcRQH2Fhbq5Q1M,hotrod13@t-online.hu,,hotrod13@t-online.hu
Hungary,Élettér Bt. - kerti bútor szallonasütők játszóterek csúszda szobrok virágcserepek,"Kisvárda, Árpád u. 71, 4600 Hungary",Kisvárda,,http://eletterbt.hu/,eletterbt.kertber@gmail.com,ChIJQYhwFiPtOEcR4CrcxaZj1zk,,,eletterbt.kertber@gmail.com
Hungary,Lomen DIY home improvement Store,"Rétság, Zrínyi utca 3, 2651 Hungary",Rétság,,https://lomenaruhaz.hu/,shop@lomen.hu,ChIJ2yE6pdicakcRN009pPYpfpA,shop@lomen.hu,,shop@lomen.hu
Moldova,Clemantin SRL - Companie de Constructie,"Strada Victoriei 90A, MD-3100, Bălți, Moldova",Bălți,,http://clemantin.md/,,ChIJ01k7G5Vny0ARdwJ4C_ipDhw,clemantin@mail.ru,,clemantin@mail.ru
Moldova,LIDER - Roofing Supply Store,"strada 31 August 52, MD-3506, Orhei, Moldova",Orhei,,http://lider.md/krovli/ro/,info@lider.md,ChIJgQrKaiPvy0ARexiGBcrTyiY,info@lider.md,,info@lider.md
Moldova,Centrul Multifuncțional Florești,"bul. Victoriei 2, Floreşti, Moldova",Florești,,https://www.asp.gov.md/ro/informatii-utile/subdiviziuni-teritoriale/floresti,,ChIJM76sK-OFzEAR_Cxx6lPrMIQ,"anticamera@asp.gov.md, garda@asp.gov.md, asp@asp.gov.md",,"anticamera@asp.gov.md, asp@asp.gov.md, garda@asp.gov.md"
Moldova,Micon.md Producător de confecții metalice,"s, r. Criuleni s, MD-4829, Măgdăceşti, Moldova",Criuleni,,https://micon.md/,info@micon.md,ChIJM_HsdBjZy0ARX-F56SiEiHQ,,SSL Error,info@micon.md
Croatia,"PROMOCIJA d.o.o.(Drvene kućice, pagode, šatori, pozornice ostala event oprema)","Zagrebačka ul. 5, 51000, Rijeka, Croatia",Rijeka,,http://www.promocija-ri.com/,,ChIJuXAFi8ymZEcRuH4uakL9vNY,zm.promocija@gmail.com,,zm.promocija@gmail.com
Croatia,Dominator Doo,"Put Juke, Cesta Franje Tuđmana, 21212, Kaštel Sućurac, Croatia",Kaštela,,http://www.dominator.hr/,ivica.petrovic@dominator.hr,ChIJ5xOnN85fNRMRxN8lB-BpUYY,,SSL Error,ivica.petrovic@dominator.hr
Romania,Nora Stylepoints - inchiriere costume petreceri & evenimente,"Strada Doctor Panait Iatropol 3, București 050538, Romania",Bucharest,,https://www.partypak.ro/,,ChIJ98Al42P_sUARiCsaZPN9Js0,nora@partypak.ro,,nora@partypak.ro
Romania,Ventour Inchiriere Autorulote,"Strada Wolfgang Amadeus Mozart, Cluj-Napoca 400347, Romania",Cluj-Napoca,,http://www.ventour.ro/,605a7baede844d278b89dc95ae0a9123@sentry-next.wixpress.com,ChIJSf11wd0NSUcRKCt22P9fqek,contact@ventour.ro,,"605a7baede844d278b89dc95ae0a9123@sentry-next.wixpress.com, contact@ventour.ro"
Romania,Construction Materials Store,"Calea Galata 13, Iași 700625, Romania",Iași,,http://www.materiale-constructii-iasi.ro/,contact@domeniu.ro,ChIJKS1CJTf7ykAR1UyFCsVORSc,contact@domeniu.ro,,contact@domeniu.ro
Romania,Maslen - Producător Țiglă Metalică și Tablă Cutată - Oradea,"Strada 1 nr 241, Oșorhei 417360, Romania",Oradea,,https://maslen.ro/,maslen@maslen.ro,ChIJoxPrEkA3RkcR1EjMQ6ZCVHA,maslen@maslen.ro,,maslen@maslen.ro
Romania,KOM DOORS FACTORY S.R.L.,"Strada Andrei Mureșanu 11A, Sibiu 550356, Romania",Sibiu,,http://www.komdoors.ro/,office@komdoors.ro,ChIJja6_t4FnTEcRx1f6bDhTgJw,office@komdoors.ro,,office@komdoors.ro
Romania,AgroMir Store,"Bulevardul Independenței 67, Baia Mare 430071, Romania",Baia Mare,,https://www.agromir.ro/,office@agromir.ro,ChIJEUo8qXzdN0cRZ4Jls5HquDg,,SSL Error,office@agromir.ro
Romania,SC MAX COMFORT LLC,"Strada Victoriei 8, Botoșani 710247, Romania",Botoșani,,http://www.tamplariepvcbotosani.ro/,,ChIJN7JU5n3pNEcRONSgcZQp-Q0,maxconfort95@yahoo.com,,maxconfort95@yahoo.com
Romania,SC Mentor SM LLC,"str. Barajelor 160, Târgu Jiu 210171, Romania",Târgu Jiu,,http://www.mentor-beton.ro/,office@mentor-beton.ro,ChIJf357FKCLTUcREVmJuTQwx6s,,,office@mentor-beton.ro
Romania,Dacorex Com S.R.L.,"Strada Viitorului 2, Târgu Jiu 210177, Romania",Târgu Jiu,,https://dacorex.ro/,,ChIJ5W6sloV1UkcR1e354Gdte5E,"office@dacorex.com, dacorex_lmm@yahoo.com",,"dacorex_lmm@yahoo.com, office@dacorex.com"
Romania,buldoexcavator de inchiriat,"Aleea Buziaş, Reșița 320153, Romania",Reșița,,http://listafirme.ro/,mariana.trasca@listafirme.ro,ChIJ1Z7MxkLXT0cRk4imWE15_fw,loredana.voicu@listafirme.ro,,"loredana.voicu@listafirme.ro, mariana.trasca@listafirme.ro"
Romania,Baributor SRL,"Strada Oltului 76, Sfântu Gheorghe 520027, Romania",Sfântu Gheorghe,,http://www.baributor.ro/,baributor@yahoo.com,ChIJw0wiCL6ktEARDbBwNfalBBY,baributor@yahoo.com,,baributor@yahoo.com
Romania,Spatiu Verde,"Strada Regimentul V Vânători Nr. 118, Alba Iulia, Romania",Alba Iulia,,http://www.spatiu-verde.ro/alba/piscine,,ChIJaVwm5JqnTkcRQhjrfDKPhc8,contact@perlapiscine.ro,,contact@perlapiscine.ro
Romania,Hidroterm SA,"Strada Colectorului 1, Roman, Romania",Roman,,http://www.hidroterm.eu/,,ChIJA0V7vDK9ykAR0JMOEmtKBeg,hidroterm.office@gmail.com,,hidroterm.office@gmail.com
Romania,Cheap & Good Storage LLC (Storage wrought iron),"Strada Oprescu Adrian 1A, Câmpina 105600, Romania",Câmpina,,http://www.ieftin-si-bun.ro/,depozitieftin@yahoo.com,ChIJ55JcR3EAs0ARM_N9Dro4Qu8,depozitieftin@yahoo.com,,depozitieftin@yahoo.com
Romania,Onesti Auto,"Strada Doctor Victor Babeș 16, Onești 601119, Romania",Onești,,http://www.onestiauto.ro/,,ChIJXYBzYDYHtUARlh0NPZF9ChU,office@onestiauto.ro,,office@onestiauto.ro
Romania,Torbau Expert,"Intrarea Tihadar 4/14, Odorheiu Secuiesc 535600, Romania",Odorheiu Secuiesc,,http://poartaglisanta.ro/3/12/Porti-glisante-autoportante,office@poartaglisanta.ro,ChIJuzTA2JQXS0cRbxdZQ1REp2Y,office@poartaglisanta.ro,,office@poartaglisanta.ro
Romania,Croitorie rustica - Închiriere costume populare secuiești,"Strada Homorod 16, Odorheiu Secuiesc 535600, Romania",Odorheiu Secuiesc,,http://www.ruha.ro/,contact@ruha.ro,ChIJCVUmRpgXS0cRcx-DE5xXEmw,,,contact@ruha.ro
Romania,OLINT Megastore Rădăuți - materiale de construcții și amenajări,"Strada Gen. Iacob Zadik 19E, Rădăuți 725400, Romania",Rădăuți,,http://www.olint.ro/,magazinonline@olint.ro,ChIJNfz0gYpFNEcRQTXUndFzMVU,,SSL Error,magazinonline@olint.ro
Romania,CONFARG s.a.,"Strada Victoriei 5, Curtea de Argeș 115300, Romania",Curtea de Argeș,,http://confarg.ro/,,ChIJMTdmTKEzTUcR4cStmSRWJTE,office@confarg.ro,,office@confarg.ro
Bulgaria,BAUHAUS Bulgaria,"g.k. Banishora, bul. ""Istoriya slavyanobalgarska"" 17, 1220 Sofia, Bulgaria",Sofia,,https://bauhaus.bg/,,ChIJfbzwnvCPqkARqgyxURa_gNI,info@bauhaus.bg,,info@bauhaus.bg
Bulgaria,Varaks Construction,"Varna CenterOdesos, ul. ""Doctor Lyudvig Zamenhof"" 18, 9000 Varna, Bulgaria",Varna,,https://varaksbg.com/,,ChIJ0-fIbj1TpEART_qIMmjUcI8,office@varaksbg.com,,office@varaksbg.com
Bulgaria,Bulgaria Plast - Factory - PVC and AL joinery,"Western Industrial Zone, Индустриален парк, 9703 Shumen, Bulgaria",Shumen,,https://bulgariaplast.com/,balgariaplast@gmail.com,ChIJBWbx5dWLpUARXNb6OOqTBKc,balgariaplast@gmail.com,,balgariaplast@gmail.com
Bulgaria,VICTORIA PROPERTIES,"Rayon Zapaden, bul. ""Vasil Levski"" № 29, вх. Б, ет. 2, 5000 Veliko Tarnovo, Bulgaria",Veliko Tarnovo,,http://victoriaimoti.com/,slavchev@victoriaimoti.com,ChIJuV8gshEmqUAR0B9hUhppwTc,slavchev@victoriaimoti.com,,slavchev@victoriaimoti.com
Bulgaria,MASTERBOX- Building materials store,"Горниводенско шосе 64, 4232 Asenovgrad, Bulgaria",Asenovgrad,,http://www.bg-masterbox.com/,,ChIJJS5v-cXZrBQRwQ3vdf1Ds38,info@bg-masterbox.com,,info@bg-masterbox.com
Serbia,Velemajstor (Tehnokomerc Pro),"Cara Lazara 181, Kruševac, Serbia",Kruševac,,http://www.velemajstor.com/,office@velemajstor.com,ChIJ52ANXeGHVkcRYFm5OclXI7c,"office@velemajstor.com, officebg@velemajstor.com",,"office@velemajstor.com, officebg@velemajstor.com"
Serbia,Plastor doo Jagodina,"Ribarska 42, Jagodina 35000, Serbia",Jagodina,,http://www.plastorsrbija.com/,info@plastorsrbija.com,ChIJD3_xZUrEVkcRsg7W4gEvzvQ,info@plastorsrbija.com,,info@plastorsrbija.com
Serbia,Rotor-Kalmar d.o.o.,"Radnoti Mikloša 27, Senta 24400, Serbia",Senta,,http://www.rotor-kalmar.co.rs/,rotorkalmar@gmail.com,ChIJQzKXCFW-REcRmtU9bBs2vaU,,SSL Error,rotorkalmar@gmail.com
Albania,Mobile Store Durres,"Durrës, Albania",Durrës,,https://mobilestoredr.al/,,ChIJEbhrHADbTxMRIfZ9ZtB_QFg,info@mobilestoredr.al,,info@mobilestoredr.al
Albania,"Hez Store - Dyqan Hidrosanitare, hidraulike & elektrike.","Bajram Tusha, Durrës, Albania",Durrës,,http://www.hez.al/,,ChIJLxcTXZLZTxMR_x1uFSIkS5E,"info@hidrolight.al, hezalbania@gmail.com, info@hez.al",,"hezalbania@gmail.com, info@hez.al, info@hidrolight.al"
Albania,Luggage Storage Rruga Egnatia - Radical Storage,"Rruga Egnatia 623, Durrës 2001, Albania",Durrës,,https://radicalstorage.com/luggage-storage/durres/city-center/luggage-storage-rruga-egnatia?utm_source=gmb&utm_medium=durr%C3%ABs&utm_campaign=rrugaegnatia&utm_content=websiteclick,Egnatia@radical.storage,ChIJi8-HAUfbTxMRtIH11zmZhN8,,,Egnatia@radical.storage
Albania,Hotel Garden,"Radhim Vlorë, 9400, Radhimë, Albania",Vlorë,,http://www.hotelgardenvlore.com/,,ChIJw6-hutEtRRMRadkJwn2ReG4,info@hotelgardenvlore.com,,info@hotelgardenvlore.com
Albania,Buzi Store,"Bulevardi Jakov Xoxa, Fier 9301, Albania",Fier,,https://www.buzistore.com/,info@buzistore.com,ChIJs3WB-MxTRRMRrGnGQ1IT4lg,,,info@buzistore.com
Albania,"Drejtoria e Përgjithshme e Shërbimeve të Transportit Rrugor, Mat (DPSHTRR MAT)","J253+VH4, Rruga e Arberit, Burrel, Albania",Burrel,,https://www.dpshtrr.al/,dpshtrr@dpshtrr.gov.al,ChIJ-yhXCgC5URMR6UeR8bwgRC8,dpshtrr@dpshtrr.gov.al,,dpshtrr@dpshtrr.gov.al
Albania,SARANDA HOLIDAY RENT A CAR,"Rruga 40 Shenjtorët, Saranda, Albania",Sarandë,,https://www.saranda-holiday-rent-a-car-makina-me-qera-ne-sarande.com/,,ChIJLR9HoPYUWxMRoP2QkoH7w3E,sarandaholiday@hotmail.com,,sarandaholiday@hotmail.com
Albania,Saranda Luggage Storage,"Abedin Dino, Sarandë 9701, Albania",Sarandë,,http://luggagestoragesaranda.com/,luggagestoragesaranda@gmail.com,ChIJD4NjeD0VWxMRG0K-7s-k7xY,,SSL Error,luggagestoragesaranda@gmail.com
Albania,GoTech Electronics Gjirokastër,"Bulevardi 18 Shtatori, Gjirokastër 6001, Albania",Gjirokastër,,https://www.gotech.al/,,ChIJZ9K7mlIdWxMR-eGldujvffg,web@gotech.al,,web@gotech.al
Montenegro,ELEVATOR DIZALICE,"br.60 4. Jul, Podgorica 81000, Montenegro",Podgorica,,http://www.elevator.co.me/,elevator@t-com.me,ChIJSQuiwxTrTRMR7PR9RqYAys4,elevator@t-com.me,,elevator@t-com.me
Montenegro,Katunjanin DOO,"Sutorina bb, 85340, Montenegro",Herceg Novi,,http://katunjanin.me/,,ChIJzzn59_I8TBMRp6xbYWATUmw,"katunjanin1@gmail.com, katunjanin@t-com.me",,"katunjanin1@gmail.com, katunjanin@t-com.me"
Montenegro,Ostava Selfstorage,"Budva 85310, Montenegro",Budva,,https://www.ostava.me/,ostavativat@gmail.com,ChIJ4w4LRlkrTBMRvDk05wsuSRc,"ostavativat@gmail.com, email:ostavativat@gmail.com",,"email:ostavativat@gmail.com, ostavativat@gmail.com"
Montenegro,DOO DRVOMONT -KOTOR,"9QH2+FM6, Radanovići b.b., P22, Lješevići 85330, Montenegro",Tivat,,http://www.drvomont.me/,info@drvomont.me,ChIJHa0RPIQtTBMRHMKL_bwV6_E,,SSL Error,info@drvomont.me
Montenegro,RightRoute.me | Motorbike Rent & Tours,"4 Đure Daničića, Podgorica 81000, Montenegro",Rožaje,,https://rightroute.me/,office@rightroute.me,ChIJoVUUaiDrTRMRZsAWDEx5SEU,,SSL Error,office@rightroute.me
Montenegro,Montenegro Ride | Motorcycle Tours and Rentals in Montenegro,"Porto Montengro, Tivat 85320, Montenegro",Rožaje,,https://montenegroride.com/,bookings@montenegroride.com,ChIJBaGmNEAxTBMR5VkFSf8dt4w,bookings@montenegroride.com,,bookings@montenegroride.com
Montenegro,Iznajmljivanje šatora - Differentevent,"Ljube Rankovića 19, Ostružnica, Beograd, Serbia",Rožaje,,http://www.differentevent.rs/,,ChIJ50nHn-1xWkcRt4fLSLJJC3c,"marceta@differentevent.rs, office@differentevent.rs",,"marceta@differentevent.rs, office@differentevent.rs"
Montenegro,Estitor,"20 Bulevar Stanka Dragojevića, Podgorica 81000, Montenegro",Mojkovac,,https://estitor.com/me-en,zeljko@estitor.com,ChIJk2XT3YnrTRMR6Ly8LTctDO0,,HTTP 503,zeljko@estitor.com
Montenegro,SUMMIT TOURIST AGENCY DURMITOR,"Njegoševa, Žabljak, Montenegro",Žabljak,,http://www.summit.co.me/,,ChIJ64e5uDU5TRMR6tLhpUFZzjI,danilog@t-com.me,,danilog@t-com.me
Montenegro,Etno selo Montegoat & Restoran Zavičaj - Dragovoljići,"Dragovoljici bb, 81400, Montenegro",Šavnik,,https://www.odmaraj.me/web/listing/cipranic-company-niksic-crna-gora/,odmaraj.me@gmail.com,ChIJAXfR0EKnTRMRGDUrX8qcsn0,,,odmaraj.me@gmail.com
Montenegro,IZONET,"Kovačko polje bb, Kotor, Glavati, Montenegro",Gusinje,,http://www.izonet.net/,,ChIJy2TQTrQtTBMR20YzAcqy5Xs,veleprodaja@izonet.net,,veleprodaja@izonet.net
North Macedonia,Merkator ANG,"MK, Питарница Гостивар 1 бр. 8, Gostivar 1230, North Macedonia",Gostivar,,http://merkatorang.com.mk/,info@merkatorang.com.mk,ChIJaVKiDrdXURMRt7_pDvWFtxQ,"merkatorang@yahoo.com, info@merkatorang.com.mk",,"info@merkatorang.com.mk, merkatorang@yahoo.com"
